{
  "test_queries": 1671,
  "train_queries": 6683,
  "train_query_booking_rate": 0.702977704623672,
  "ai_threshold_for_no_purchase": 0.6903571428571428,
  "metric_primary": "query_level_top1_accuracy",
  "metric_definition": "A prediction is correct if it identifies the exact booked hotel within the query, or correctly predicts NO_PURCHASE when no hotel was booked.",
  "ai_top1_accuracy": 0.18073010173548773,
  "mnl_top1_accuracy": 0.30939557151406344,
  "ai_purchase_decision_accuracy": 0.599640933572711,
  "mnl_purchase_decision_accuracy": 0.3141831238779174,
  "ai_predicted_purchase_rate": 0.7031717534410533,
  "mnl_predicted_purchase_rate": 0.00718132854578097,
  "actual_purchase_rate_test": 0.6882106523040096
}