{
  "problem": 6,
  "data_path": "C:\\Users\\johnj\\pricing-analytics-project\\data.csv",
  "seed": 5132,
  "customer_type_definition": {
    "type_1": "family",
    "type_2": "non_family",
    "family_if_srch_children_count_gt": 0
  },
  "theta_estimates": {
    "theta_family": 0.2245630835527891,
    "theta_non_family": 0.7754369164472109
  },
  "shared_scaling_stats": {
    "prop_starrating": {
      "mean": 3.157402505734957,
      "std": 0.8571822862649964,
      "scaled": true
    },
    "prop_review_score": {
      "mean": 3.9876804632407246,
      "std": 0.9071191629160898,
      "scaled": true
    },
    "prop_brand_bool": {
      "mean": 0.7357279637145527,
      "std": 1.0,
      "scaled": false
    },
    "prop_location_score": {
      "mean": 2.6171728460417363,
      "std": 1.3481508978402195,
      "scaled": true
    },
    "prop_accesibility_score": {
      "mean": 0.005993111516316034,
      "std": 0.07718286163824864,
      "scaled": true
    },
    "prop_log_historical_price": {
      "mean": 4.27631054382422,
      "std": 1.7895033851701303,
      "scaled": true
    },
    "price_usd": {
      "mean": 141.19362259736354,
      "std": 181.76934987695918,
      "scaled": true
    },
    "promotion_flag": {
      "mean": 0.14480847531844532,
      "std": 1.0,
      "scaled": false
    }
  },
  "family_model": {
    "dataset_summary": {
      "queries": 1876,
      "alternatives": 32578,
      "avg_alternatives_per_query": 17.365671641791046,
      "chosen_queries": 1325,
      "no_purchase_queries": 551
    },
    "normalized_coefficients": {
      "intercept": -1.92545802267901,
      "prop_starrating": 0.30273780746355106,
      "prop_review_score": 0.10463855360117848,
      "prop_brand_bool": 0.30620854491956023,
      "prop_location_score": 0.025296964502000856,
      "prop_accesibility_score": 0.04008119738568657,
      "prop_log_historical_price": -0.14757692740808784,
      "price_usd": -0.6842626367322783,
      "promotion_flag": 0.48728359507892655
    },
    "raw_scale_coefficients": {
      "intercept": -2.6686170885964278,
      "prop_starrating": 0.3531778622988952,
      "prop_review_score": 0.11535259961304305,
      "prop_brand_bool": 0.30620854491956023,
      "prop_location_score": 0.01876419363924869,
      "prop_accesibility_score": 0.5193017793709788,
      "prop_log_historical_price": -0.0824680906619562,
      "price_usd": -0.0037644555432225506,
      "promotion_flag": 0.48728359507892655
    },
    "fit_summary": {
      "final_log_likelihood": -4611.968748712536,
      "average_log_likelihood_per_query": -2.4584055163712875,
      "final_gradient_norm": 3.3361323108887344e-05,
      "iterations_recorded": 8
    },
    "history": [
      {
        "iteration": 1,
        "log_likelihood": -5034.207412868133,
        "gradient_norm": 509.40781397809576
      },
      {
        "iteration": 2,
        "log_likelihood": -4800.50308621445,
        "gradient_norm": 488.30755936894286
      },
      {
        "iteration": 3,
        "log_likelihood": -4612.762730826022,
        "gradient_norm": 28.670819443717846
      },
      {
        "iteration": 4,
        "log_likelihood": -4611.968848884714,
        "gradient_norm": 0.3495490822086362
      },
      {
        "iteration": 5,
        "log_likelihood": -4611.968748712551,
        "gradient_norm": 5.093578550554708e-05
      },
      {
        "iteration": 6,
        "log_likelihood": -4611.968748712545,
        "gradient_norm": 3.820183970163337e-05
      },
      {
        "iteration": 7,
        "log_likelihood": -4611.968748712542,
        "gradient_norm": 3.342660998803271e-05
      },
      {
        "iteration": 8,
        "log_likelihood": -4611.968748712536,
        "gradient_norm": 3.3361323108887344e-05
      }
    ]
  },
  "non_family_model": {
    "dataset_summary": {
      "queries": 6478,
      "alternatives": 120431,
      "avg_alternatives_per_query": 18.590768755788822,
      "chosen_queries": 4523,
      "no_purchase_queries": 1955
    },
    "normalized_coefficients": {
      "intercept": -2.0126549228003734,
      "prop_starrating": 0.4450523670419019,
      "prop_review_score": 0.11215714274609404,
      "prop_brand_bool": 0.2142172860937767,
      "prop_location_score": 0.02090804391993787,
      "prop_accesibility_score": 0.043816510182049136,
      "prop_log_historical_price": -0.03382212581701066,
      "price_usd": -1.5638690855051012,
      "promotion_flag": 0.44080490176680753
    },
    "raw_scale_coefficients": {
      "intercept": -2.893426993289453,
      "prop_starrating": 0.5192038778369187,
      "prop_review_score": 0.12364102460976097,
      "prop_brand_bool": 0.2142172860937767,
      "prop_location_score": 0.015508682265044083,
      "prop_accesibility_score": 0.5676974039575579,
      "prop_log_historical_price": -0.01890028602197651,
      "price_usd": -0.008603590685468667,
      "promotion_flag": 0.44080490176680753
    },
    "fit_summary": {
      "final_log_likelihood": -15970.355369305482,
      "average_log_likelihood_per_query": -2.465321915607515,
      "final_gradient_norm": 1.8471895214163465e-11,
      "iterations_recorded": 6
    },
    "history": [
      {
        "iteration": 1,
        "log_likelihood": -17821.9989507225,
        "gradient_norm": 1808.24161204578
      },
      {
        "iteration": 2,
        "log_likelihood": -16951.911835815685,
        "gradient_norm": 1964.6418372137769
      },
      {
        "iteration": 3,
        "log_likelihood": -15975.330093293633,
        "gradient_norm": 130.16003303344863
      },
      {
        "iteration": 4,
        "log_likelihood": -15970.356344813259,
        "gradient_norm": 1.837643935896032
      },
      {
        "iteration": 5,
        "log_likelihood": -15970.355369305496,
        "gradient_norm": 0.0003553347016131976
      },
      {
        "iteration": 6,
        "log_likelihood": -15970.355369305482,
        "gradient_norm": 1.8471895214163465e-11
      }
    ]
  },
  "coefficient_comparison": {
    "normalized_coefficients": {
      "intercept": {
        "family": -1.92545802267901,
        "non_family": -2.0126549228003734,
        "family_minus_non_family": 0.0871969001213635
      },
      "prop_starrating": {
        "family": 0.30273780746355106,
        "non_family": 0.4450523670419019,
        "family_minus_non_family": -0.14231455957835082
      },
      "prop_review_score": {
        "family": 0.10463855360117848,
        "non_family": 0.11215714274609404,
        "family_minus_non_family": -0.007518589144915558
      },
      "prop_brand_bool": {
        "family": 0.30620854491956023,
        "non_family": 0.2142172860937767,
        "family_minus_non_family": 0.09199125882578355
      },
      "prop_location_score": {
        "family": 0.025296964502000856,
        "non_family": 0.02090804391993787,
        "family_minus_non_family": 0.004388920582062986
      },
      "prop_accesibility_score": {
        "family": 0.04008119738568657,
        "non_family": 0.043816510182049136,
        "family_minus_non_family": -0.0037353127963625637
      },
      "prop_log_historical_price": {
        "family": -0.14757692740808784,
        "non_family": -0.03382212581701066,
        "family_minus_non_family": -0.11375480159107718
      },
      "price_usd": {
        "family": -0.6842626367322783,
        "non_family": -1.5638690855051012,
        "family_minus_non_family": 0.8796064487728229
      },
      "promotion_flag": {
        "family": 0.48728359507892655,
        "non_family": 0.44080490176680753,
        "family_minus_non_family": 0.04647869331211901
      }
    },
    "raw_scale_coefficients": {
      "intercept": {
        "family": -2.6686170885964278,
        "non_family": -2.893426993289453,
        "family_minus_non_family": 0.22480990469302542
      },
      "prop_starrating": {
        "family": 0.3531778622988952,
        "non_family": 0.5192038778369187,