parameter,estimate
intercept,-15.138309123726886
prop_starrating,1.124294829809275
prop_review_score,2.692326633057152
prop_brand_bool,1.0389509690356533
prop_location_score,0.7154862415799144
prop_accesibility_score,1.1375688123199061
prop_log_historical_price,-0.08886896959855083
price_usd,-0.03524829586671308
promotion_flag,1.3257243805662342
